{
  "config_name": "S16_Dual18Burst",
  "orders_total_fixed": 200,
  "online_generation": true,
  "results": [
    {
      "method": "GreedyBFS",
      "config_name": "S16_Dual18Burst",
      "total_orders": 200,
      "orders_generated": 200,
      "delivered": 46,
      "on_time": 42,
      "late": 4,
      "missed": 154,
      "delivery_rate": 23.0,
      "on_time_rate": 91.30434782608695,
      "total_reward": 1056.8514,
      "total_movecost": -16.887,
      "net_reward": 1039.9645,
      "elapsed_sec": 2.8114,
      "shipper_rewards": [
        140.5378,
        90.6367,
        76.0416,
        135.1813,
        21.422,
        466.1016,
        110.0435
      ],
      "status": "OK",
      "wall_sec": 2.82
    },
    {
      "method": "VRPOrTools",
      "config_name": "S16_Dual18Burst",
      "total_orders": 200,
      "orders_generated": 200,
      "delivered": 27,
      "on_time": 17,
      "late": 10,
      "missed": 173,
      "delivery_rate": 13.5,
      "on_time_rate": 62.96296296296296,
      "total_reward": 374.3349,
      "total_movecost": -5.6212,
      "net_reward": 368.7136,
      "elapsed_sec": 105.1565,
      "shipper_rewards": [
        -0.226,
        94.1779,
        31.3983,
        125.8597,
        89.4089,
        28.1398,
        -0.045
      ],
      "status": "OK",
      "wall_sec": 105.16
    },
    {
      "method": "ACOSolver",
      "config_name": "S16_Dual18Burst",
      "total_orders": 200,
      "orders_generated": 200,
      "delivered": 79,
      "on_time": 65,
      "late": 14,
      "missed": 121,
      "delivery_rate": 39.5,
      "on_time_rate": 82.27848101265823,
      "total_reward": 1608.1499,
      "total_movecost": -28.4802,
      "net_reward": 1579.6697,
      "elapsed_sec": 4.6626,
      "shipper_rewards": [
        14.5351,
        301.6532,
        171.7604,
        158.5855,
        398.8337,
        228.4359,
        305.8659
      ],
      "status": "OK",
      "wall_sec": 4.67
    },
    {
      "method": "MAPD-CBS",
      "config_name": "S16_Dual18Burst",
      "total_orders": 200,
      "orders_generated": 200,
      "delivered": 189,
      "on_time": 161,
      "late": 28,
      "missed": 11,
      "delivery_rate": 94.5,
      "on_time_rate": 85.18518518518519,
      "total_reward": 3391.1019,
      "total_movecost": -44.3862,
      "net_reward": 3346.7156,
      "elapsed_sec": 13.9389,
      "shipper_rewards": [
        489.6689,
        439.807,
        456.5031,
        430.2204,
        651.4733,
        471.5687,
        407.4742
      ],
      "status": "OK",
      "wall_sec": 13.94
    }
  ]
}