{
  "config_name": "S11_Maze15Long",
  "orders_total_fixed": 135,
  "online_generation": true,
  "results": [
    {
      "method": "GreedyBFS",
      "config_name": "S11_Maze15Long",
      "total_orders": 135,
      "orders_generated": 135,
      "delivered": 7,
      "on_time": 5,
      "late": 2,
      "missed": 128,
      "delivery_rate": 5.185185185185185,
      "on_time_rate": 71.42857142857143,
      "total_reward": 157.0227,
      "total_movecost": -3.2172,
      "net_reward": 153.8055,
      "elapsed_sec": 3.4147,
      "shipper_rewards": [
        -0.07,
        34.6771,
        53.924,
        41.5272,
        23.7472
      ],
      "status": "OK",
      "wall_sec": 3.42
    },
    {
      "method": "VRPOrTools",
      "config_name": "S11_Maze15Long",
      "total_orders": 135,
      "orders_generated": 135,
      "delivered": 40,
      "on_time": 22,
      "late": 18,
      "missed": 95,
      "delivery_rate": 29.62962962962963,
      "on_time_rate": 55.0,
      "total_reward": 541.5031,
      "total_movecost": -8.5742,
      "net_reward": 532.9289,
      "elapsed_sec": 87.4594,
      "shipper_rewards": [
        62.424,
        149.7187,
        17.0778,
        64.8538,
        238.8546
      ],
      "status": "OK",
      "wall_sec": 87.46
    },
    {
      "method": "ACOSolver",
      "config_name": "S11_Maze15Long",
      "total_orders": 135,
      "orders_generated": 135,
      "delivered": 7,
      "on_time": 5,
      "late": 2,
      "missed": 128,
      "delivery_rate": 5.185185185185185,
      "on_time_rate": 71.42857142857143,
      "total_reward": 157.0227,
      "total_movecost": -3.2172,
      "net_reward": 153.8055,
      "elapsed_sec": 3.5197,
      "shipper_rewards": [
        -0.07,
        34.6771,
        53.924,
        41.5272,
        23.7472
      ],
      "status": "OK",
      "wall_sec": 3.52
    },
    {
      "method": "MAPD-CBS",
      "config_name": "S11_Maze15Long",
      "total_orders": 135,
      "orders_generated": 135,
      "delivered": 14,
      "on_time": 11,
      "late": 3,
      "missed": 121,
      "delivery_rate": 10.37037037037037,
      "on_time_rate": 78.57142857142857,
      "total_reward": 306.0234,
      "total_movecost": -5.8145,
      "net_reward": 300.2089,
      "elapsed_sec": 11.5375,
      "shipper_rewards": [
        70.9881,
        -0.2648,
        16.8761,
        107.1463,
        105.4632
      ],
      "status": "OK",
      "wall_sec": 11.54
    }
  ]
}