{
  "config_name": "S18_Lab20Dense",
  "orders_total_fixed": 190,
  "online_generation": true,
  "results": [
    {
      "method": "GreedyBFS",
      "config_name": "S18_Lab20Dense",
      "total_orders": 190,
      "orders_generated": 190,
      "delivered": 53,
      "on_time": 45,
      "late": 8,
      "missed": 137,
      "delivery_rate": 27.894736842105264,
      "on_time_rate": 84.90566037735849,
      "total_reward": 1098.1736,
      "total_movecost": -18.6697,
      "net_reward": 1079.5039,
      "elapsed_sec": 2.5358,
      "shipper_rewards": [
        34.0502,
        71.1965,
        237.113,
        299.6101,
        408.2349,
        29.2992
      ],
      "status": "OK",
      "wall_sec": 2.54
    }
  ]
}